{
  "test/integration/pages/RisksList.js.map": 1703614418887,
  "Component.js": 1703611706081,
  "test/integration/pages/RisksList.js": 1703611706805,
  "test/integration/opaTests.qunit.js": 1703611706789,
  "test/integration/FirstJourney.js": 1703611706817,
  "test/testsuite.qunit.js": 1703611706785,
  "xs-app.json": 1703614397240,
  "manifest.json": 1703614397788,
  "test/integration/pages/RisksObjectPage.js": 1703611706805,
  "test/integration/FirstJourney-dbg.js": 1703611706817,
  "test/integration/FirstJourney.js.map": 1703614418898,
  "test/integration/pages/RisksList-dbg.js": 1703611706805,
  "i18n/i18n.properties": 1703611788987,
  "test/integration/opaTests.qunit-dbg.js": 1703611706789,
  "test/integration/opaTests.qunit.js.map": 1703614418891,
  "Component-dbg.js": 1703611706081,
  "Component.js.map": 1703614418887,
  "test/testsuite.qunit-dbg.js": 1703611706785,
  "test/testsuite.qunit.js.map": 1703614418894,
  "test/integration/pages/RisksObjectPage-dbg.js": 1703611706805,
  "test/integration/pages/RisksObjectPage.js.map": 1703614418894,
  "Component-preload.js": 1703614419034,
  "Component-preload.js.map": 1703614419034,
  "test/integration/opaTests.qunit.html": 1703611706789,
  "test/testsuite.qunit.html": 1703611706785,
  "test/flpSandbox.html": 1703611706785,
  "localService/metadata.xml": 1703611706725,
  "index.html": 1703611706081
}