{
  "xs-app.json": 1703616720262,
  "test/integration/FirstJourney.js": 1703611706817,
  "test/integration/pages/RisksList.js": 1703611706805,
  "test/integration/opaTests.qunit.js": 1703611706789,
  "test/integration/pages/RisksObjectPage.js": 1703611706805,
  "test/testsuite.qunit.js": 1703611706785,
  "i18n/i18n.properties": 1703611788987,
  "manifest.json": 1703616721190,
  "Component.js": 1703611706081,
  "test/testsuite.qunit-dbg.js": 1703611706785,
  "test/testsuite.qunit.js.map": 1703616740995,
  "test/integration/pages/RisksList-dbg.js": 1703611706805,
  "test/integration/pages/RisksList.js.map": 1703616740992,
  "test/integration/opaTests.qunit-dbg.js": 1703611706789,
  "test/integration/opaTests.qunit.js.map": 1703616741001,
  "test/integration/pages/RisksObjectPage-dbg.js": 1703611706805,
  "test/integration/pages/RisksObjectPage.js.map": 1703616740997,
  "test/integration/FirstJourney-dbg.js": 1703611706817,
  "test/integration/FirstJourney.js.map": 1703616740998,
  "Component-dbg.js": 1703611706081,
  "Component.js.map": 1703616740998,
  "Component-preload.js": 1703616741196,
  "Component-preload.js.map": 1703616741196,
  "test/integration/opaTests.qunit.html": 1703611706789,
  "test/testsuite.qunit.html": 1703611706785,
  "test/flpSandbox.html": 1703611706785,
  "localService/metadata.xml": 1703611706725,
  "index.html": 1703611706081
}